DATE,SERIES,OPEN,HIGH,LOW,PREV. CLOSE,LTP,CLOSE,VWAP,52W H,52W L,VOLUME,VALUE,NO OF TRADES,SYMBOL
2025-09-09,EQ,445,445,432.2,443.15,436.9,436.65,436.28,617.3,297,9435995,4116757415.15,86634,SWIGGY
2025-09-08,EQ,443,458.95,440,439.05,443.2,443.15,447.55,617.3,297,19458812,8708754043.1,168148,SWIGGY
2025-09-05,EQ,425,440,420.7,423.1,439.75,439.05,434.15,617.3,297,20282407,8805655245.1,152984,SWIGGY
2025-09-04,EQ,432,436.25,421.2,430.6,423.45,423.1,427.05,617.3,297,7536276,3218394657.55,64416,SWIGGY
2025-09-03,EQ,428.1,434.75,424.65,425.95,429.5,430.6,429.39,617.3,297,8201506,3521684851.8,60909,SWIGGY
2025-09-02,EQ,427.95,432.6,421.45,428.5,425.05,425.95,427.05,617.3,297,7323331,3127436040.65,73057,SWIGGY
2025-09-01,EQ,416.95,430,413.25,409.75,427.7,428.5,423.4,617.3,297,12343339,5226181293.9,103506,SWIGGY
2025-08-29,EQ,425,425,406.15,421,409.5,409.75,411.68,617.3,297,13267998,5462212118.85,114065,SWIGGY
2025-08-28,EQ,430.55,433.2,419.6,430.55,420.35,421,425.09,617.3,297,9101997,3869203663.25,149931,SWIGGY
2025-08-26,EQ,427,439.4,419,425.65,428.15,430.55,429.87,617.3,297,126308057,54296329646.8,260675,SWIGGY
2025-08-25,EQ,428,432.3,420.1,427.9,427,425.65,426.19,617.3,297,13757056,5863064446.3,90883,SWIGGY
2025-08-22,EQ,431.85,434.95,421.2,435.7,424.9,427.9,429.29,617.3,297,15407596,6614342023.6,122913,SWIGGY
2025-08-21,EQ,427,443.4,424.1,421.05,429.8,435.7,435.35,617.3,297,39503599,17198020018.65,252157,SWIGGY
2025-08-20,EQ,408.5,422.7,406.35,409.7,421.3,421.05,416.46,617.3,297,26084973,10863463534.95,223521,SWIGGY
2025-08-19,EQ,401.8,410.75,399.5,399.85,408.4,409.7,406.69,617.3,297,12943754,5264033915.1,117367,SWIGGY
2025-08-18,EQ,408.05,410.85,397.8,398.4,400,399.85,402.5,617.3,297,12185716,4904765211.45,108643,SWIGGY
2025-08-14,EQ,401,403.8,397,400.4,397.4,398.4,400,617.3,297,7189281,2875693894.95,91876,SWIGGY
2025-08-13,EQ,396.45,405.75,395.1,393.25,400,400.4,401.25,617.3,297,12854438,5157785551.9,94140,SWIGGY
2025-08-12,EQ,403,403.5,391.65,400.7,394,393.25,397.62,617.3,297,9640468,3833285373.4,105015,SWIGGY
2025-08-11,EQ,385,404.95,381.65,384.8,403.95,400.7,393.07,617.3,297,9171569,3605026565.65,92108,SWIGGY
2025-08-08,EQ,402.9,402.9,381.85,398.5,382.95,384.8,392.44,617.3,297,9492514,3725217371.7,82598,SWIGGY
2025-08-07,EQ,392,400.55,387.5,393.95,397.5,398.5,396.36,617.3,297,10357031,4105088011.8,78237,SWIGGY
2025-08-06,EQ,386.9,399,385.55,385.55,392.7,393.95,394.28,617.3,297,16552149,6526178276.2,112633,SWIGGY
2025-08-05,EQ,397.2,398.9,383,399.2,385.05,385.55,389.77,617.3,297,11103861,4327940123.7,111009,SWIGGY
2025-08-04,EQ,392.5,403.15,381.75,392.35,398.05,399.2,393.9,617.3,297,14946689,5887494709,136618,SWIGGY
2025-08-01,EQ,408,408.5,386.4,403.75,392.25,392.35,393.06,617.3,297,22583961,8876828042.35,259603,SWIGGY
2025-07-31,EQ,400,407,397.7,401.1,403.95,403.75,403.01,617.3,297,8479325,3417270552,98183,SWIGGY
2025-07-30,EQ,413.8,414,399,413.8,401.8,401.1,404.64,617.3,297,10405480,4210479643.75,104387,SWIGGY
2025-07-29,EQ,408.1,415.7,402.3,407.1,413.65,413.8,407.65,617.3,297,5833966,2378192884.85,67406,SWIGGY
2025-07-28,EQ,405.9,416.2,401.35,407.95,407,407.1,409.25,617.3,297,9524154,3897766896.9,111172,SWIGGY
2025-07-25,EQ,418.55,418.55,406,419.25,408.3,407.95,409.81,617.3,297,7747460,3174965411.85,79884,SWIGGY
2025-07-24,EQ,418,429.9,405.7,418.7,418.55,419.25,420.93,617.3,297,21757408,9158356721.3,217083,SWIGGY
2025-07-23,EQ,418,421,412.6,417.15,418.2,418.7,417.65,617.3,297,17008721,7103695905.25,153366,SWIGGY
2025-07-22,EQ,405,426.3,403.75,394.75,418,417.15,414.21,617.3,297,82273537,34078770399.85,592024,SWIGGY
2025-07-21,EQ,388.8,400.8,380.1,388.8,398,394.75,388.96,617.3,297,17679121,6876451878.95,150314,SWIGGY
2025-07-18,EQ,387,393,386.05,385.65,388.3,388.8,389.19,617.3,297,4840264,1883795059.85,67234,SWIGGY
2025-07-17,EQ,391.75,393.2,383.9,389.85,386,385.65,386.43,617.3,297,5598050,2163279386.15,59506,SWIGGY
2025-07-16,EQ,390,400,386.75,388.45,390,389.85,392.49,617.3,297,16832818,6606784090.8,159438,SWIGGY
2025-07-15,EQ,393,399.2,383.3,393.05,387,388.45,391.01,617.3,297,12334200,4822759167.7,142878,SWIGGY
2025-07-14,EQ,384.5,394.7,380.4,385.1,393,393.05,389.42,617.3,297,12695624,4943923645.6,114519,SWIGGY
2025-07-11,EQ,383.85,389,377.85,384.35,385.3,385.1,382.64,617.3,297,11097294,4246320533.3,129343,SWIGGY
2025-07-10,EQ,380,390.4,377.6,380.15,384.5,384.35,384.78,617.3,297,9000967,3463397602.9,131032,SWIGGY
2025-07-09,EQ,381.5,382.95,374.55,381.45,381,380.15,379.42,617.3,297,7658449,2905782550.1,159068,SWIGGY
2025-07-08,EQ,378.15,383,376.15,376.65,382,381.45,379.99,617.3,297,7154362,2718608980.8,139714,SWIGGY
2025-07-07,EQ,386,387.5,375.05,383.5,375.8,376.65,380.62,617.3,297,6436786,2449962038.6,74449,SWIGGY
2025-07-04,EQ,388,395,381.55,386,383.55,383.5,388.86,617.3,297,8466011,3292134309.75,77363,SWIGGY
2025-07-03,EQ,383.25,388.35,380.6,381.55,386.7,386,385.28,617.3,297,6837958,2634518024.15,77541,SWIGGY
2025-07-02,EQ,394,395,380,393.45,381.9,381.55,384.53,617.3,297,12607551,4847950322.3,143870,SWIGGY
2025-07-01,EQ,400.5,402.1,391.55,400.4,392.15,393.45,395.97,617.3,297,8749440,3464538713.15,87240,SWIGGY
2025-06-30,EQ,405.5,406.95,398.65,406.95,400,400.4,400.79,617.3,297,8510810,3411041119.25,103431,SWIGGY
2025-06-27,EQ,408.5,410,395.2,405.25,405.5,406.95,403.48,617.3,297,17772506,7170772642.5,210856,SWIGGY
2025-06-26,EQ,399.5,412,398.4,399.95,404.75,405.25,406.77,617.3,297,17362686,7062650868.4,143532,SWIGGY
2025-06-25,EQ,393.15,402.5,389.3,391.15,397.35,399.95,396.72,617.3,297,17314395,6868910250.55,138305,SWIGGY
2025-06-24,EQ,390.9,399.4,384.25,389,389.75,391.15,390.95,617.3,297,13783191,5388564781.3,101886,SWIGGY
2025-06-23,EQ,385.85,395.85,378.05,389.5,385.9,389,389.41,617.3,297,16573120,6453810605.4,127302,SWIGGY
2025-06-20,EQ,376.5,398.9,371,374.15,387.25,389.5,385.44,617.3,297,51835877,19979408813.05,309628,SWIGGY
2025-06-19,EQ,364.55,385,362.1,365.4,373.5,374.15,376.74,617.3,297,47446089,17875052896.95,317211,SWIGGY
2025-06-18,EQ,357.5,366.9,352.65,355.75,364.5,365.4,362.05,617.3,297,13208158,4782007174.2,110368,SWIGGY
2025-06-17,EQ,361.95,364.2,351.9,360.95,355.95,355.75,356.94,617.3,297,7081371,2527656386.6,96729,SWIGGY
2025-06-16,EQ,355,362,352.2,354.2,360.4,360.95,358.89,617.3,297,10330332,3707422280.35,121911,SWIGGY
2025-06-13,EQ,350,357.9,345.75,356.1,356,354.2,351.39,617.3,297,12527621,4402126886.65,163775,SWIGGY
2025-06-12,EQ,357,366,352.85,356.05,354.5,356.1,359.53,617.3,297,12378876,4450544968.45,149891,SWIGGY
2025-06-11,EQ,360.5,361.6,352,361.6,356.55,356.05,355.74,617.3,297,15836583,5633765650.3,206971,SWIGGY
2025-06-10,EQ,364.55,369.5,352.55,364.6,360.5,361.6,359.94,617.3,297,17183361,6184915911.15,236469,SWIGGY
2025-06-09,EQ,376,376.25,360.1,374.45,364,364.6,364.16,617.3,297,17070230,6216296703.7,232524,SWIGGY
2025-06-06,EQ,365.75,376.5,365.15,364.15,372.4,374.45,372.02,617.3,297,23372942,8695171546.2,236881,SWIGGY
2025-06-05,EQ,361,370,357.1,362.75,365.15,364.15,364.56,617.3,297,40086834,14613934635.5,247998,SWIGGY
2025-06-04,EQ,335.4,364.95,335.1,333.2,360.8,362.75,353.93,617.3,297,52634733,18628798573.05,393713,SWIGGY
2025-06-03,EQ,338,347.25,330.6,333.3,333.5,333.2,339.24,617.3,297,25827808,8761830440.05,272242,SWIGGY
2025-06-02,EQ,330.85,343.55,327.95,333.05,333.15,333.3,336.81,617.3,297,16854594,5676872314.6,189543,SWIGGY
2025-05-30,EQ,328.95,338.2,327.65,328.85,331.5,333.05,331.69,617.3,297,19704228,6535653340,176467,SWIGGY
2025-05-29,EQ,321.3,331.2,320,320.2,328.5,328.85,326.92,617.3,297,21764736,7115410632.45,126790,SWIGGY
2025-05-28,EQ,320.35,326.9,318.5,320.15,320.2,320.2,321.77,617.3,297,11061254,3559162773.1,79101,SWIGGY
2025-05-27,EQ,322,325.35,317.9,320.85,320.1,320.15,320.73,617.3,297,7969088,2555918234.9,132325,SWIGGY
2025-05-26,EQ,324.9,327.1,318.55,323.65,321,320.85,321.88,617.3,297,8612919,2772292961.55,106504,SWIGGY
2025-05-23,EQ,317.05,326.5,311.45,315.05,322.75,323.65,321.1,617.3,297,14197901,4558929508.5,131623,SWIGGY
2025-05-22,EQ,311.05,318.2,310.15,313.8,314.55,315.05,315.4,617.3,297,7794455,2458343043.85,71158,SWIGGY
2025-05-21,EQ,313.65,315,308.7,311.35,313.85,313.8,311.41,617.3,297,14723896,4585219643.15,99447,SWIGGY
2025-05-20,EQ,325,325.3,310.15,323.5,311.8,311.35,315.75,617.3,297,17531661,5535641003.55,141198,SWIGGY
2025-05-19,EQ,321.8,328.8,319.2,321.2,324,323.5,324.14,617.3,297,19845567,6432725033.7,165490,SWIGGY
2025-05-16,EQ,317.8,327.2,315.3,316.25,320.85,321.2,323.16,617.3,297,23405796,7563853752.7,231583,SWIGGY
2025-05-15,EQ,310,318.15,308.15,307.3,315.55,316.25,313.94,617.3,297,24138544,7578043922.15,201992,SWIGGY
2025-05-14,EQ,313.2,313.4,306,310.55,308.15,307.3,309.18,617.3,297,23571274,7287837654.5,234735,SWIGGY
2025-05-13,EQ,305,315.7,297,320.3,310.4,310.55,306.92,617.3,297,99269069,30467674268.9,496760,SWIGGY
2025-05-12,EQ,319.4,325,306.25,313.1,320.4,320.3,317.3,617.3,303,22530437,7148885909.45,187414,SWIGGY
2025-05-09,EQ,306,314.6,303.6,315.2,314.4,313.1,309.53,617.3,303,7752428,2399593224.15,96893,SWIGGY
2025-05-08,EQ,332.9,335.35,311.55,328.8,313.4,315.2,323.63,617.3,303,7026155,2273863289.7,75446,SWIGGY
2025-05-07,EQ,322.05,338.75,322.05,342.5,329.15,328.8,328.66,617.3,303,12816563,4212257547.55,118967,SWIGGY
2025-05-06,EQ,337,344.9,332.6,343.95,340.8,342.5,339.69,617.3,303,18751451,6369594741.55,165304,SWIGGY
2025-05-05,EQ,310,356.65,304.2,305.3,343,343.95,332.39,617.3,303,44623517,14832625444.25,300429,SWIGGY
2025-05-02,EQ,314,317.9,303,316.4,305.4,305.3,307.32,617.3,303,8692148,2671312047.45,101355,SWIGGY
2025-04-30,EQ,326.85,326.85,309.15,319.85,316.05,316.4,317.01,617.3,306.95,8197937,2598812161.65,79533,SWIGGY
2025-04-29,EQ,327.4,328.35,318.5,323.75,319.65,319.85,322.71,617.3,306.95,2140615,690807796.4,29164,SWIGGY
2025-04-28,EQ,322.1,328.7,319.7,321.4,324,323.75,323.45,617.3,306.95,4572731,1479033408.85,69200,SWIGGY
2025-04-25,EQ,342.1,343.35,320,340.6,320.35,321.4,328.16,617.3,306.95,6237853,2047037520,69066,SWIGGY
2025-04-24,EQ,344.25,351.45,339.3,348.05,340,340.6,343.15,617.3,306.95,5934561,2036432316.85,60514,SWIGGY
2025-04-23,EQ,344.8,349.45,339.45,343.35,349,348.05,344.61,617.3,306.95,4461816,1537582496.65,51567,SWIGGY
2025-04-22,EQ,343.85,345.65,338.55,343.85,344,343.35,341.81,617.3,306.95,7967985,2723569411.5,67868,SWIGGY
2025-04-21,EQ,342.45,347.4,341.65,340.8,343.85,343.85,344.02,617.3,306.95,3326600,1144430500.55,42350,SWIGGY
2025-04-17,EQ,337,350.7,329.45,336.25,341.8,340.8,341.65,617.3,306.95,10107653,3453277859.7,92180,SWIGGY
2025-04-16,EQ,334.5,340.6,334.25,334,336.05,336.25,337.39,617.3,306.95,5653384,1907397660.2,54332,SWIGGY
2025-04-15,EQ,338,342.8,332.8,333,334.5,334,337.17,617.3,306.95,2904801,979416015.8,52281,SWIGGY
2025-04-11,EQ,347,347.1,331.35,339.75,334.15,333,335.17,617.3,306.95,6373180,2136086296.8,52617,SWIGGY
2025-04-09,EQ,331,345,329.4,333.3,339.9,339.75,339.26,617.3,306.95,8437070,2862391934.8,81721,SWIGGY
2025-04-08,EQ,329,334.6,322.55,321.7,333.95,333.3,328.58,617.3,306.95,6086723,1999954303.25,102704,SWIGGY
2025-04-07,EQ,310,327.45,306.95,337.35,326.9,321.7,320.38,617.3,306.95,6536264,2094093881.8,98582,SWIGGY
2025-04-04,EQ,342,346.6,335.1,345.15,337,337.35,339.42,617.3,312.65,3339600,1133511169.55,50011,SWIGGY
2025-04-03,EQ,341,349.5,338.15,344.6,345.45,345.15,344.77,617.3,312.65,3395256,1170583673.5,45619,SWIGGY
2025-04-02,EQ,330,351.4,328.8,331.9,345.5,344.6,343.18,617.3,312.65,10629913,3647941012.85,120942,SWIGGY
2025-04-01,EQ,328.7,339.3,325.5,330.2,331.05,331.9,332.76,617.3,312.65,5731994,1907357416.2,65625,SWIGGY
2025-03-28,EQ,335,342.2,326.55,335.75,328.35,330.2,334.54,617.3,312.65,10683126,3573953212.8,111085,SWIGGY
2025-03-27,EQ,323.85,341,312.65,323.85,328,335.75,327.43,617.3,312.65,19591307,6414817576.4,158779,SWIGGY
2025-03-26,EQ,330.7,336,321.2,337.5,324.45,323.85,329.01,617.3,317,7488889,2463925257.8,90650,SWIGGY
2025-03-25,EQ,354.5,356.4,331.75,351.45,334.95,337.5,342.81,617.3,317,5518715,1891855951.55,72294,SWIGGY
2025-03-24,EQ,353.1,357.25,350.6,350.65,352.95,351.45,353.93,617.3,317,3218583,1139168853.6,40824,SWIGGY
2025-03-21,EQ,354.4,358.4,348.2,354.35,350.2,350.65,351.86,617.3,317,4553941,1602358544.65,47045,SWIGGY
2025-03-20,EQ,364,366,348.15,360.6,354.75,354.35,353.63,617.3,317,6777598,2396779835.25,76974,SWIGGY
2025-03-19,EQ,357.85,369.7,352.1,356.05,360.95,360.6,362.65,617.3,317,7872167,2854863610.3,93756,SWIGGY
2025-03-18,EQ,356.5,359.3,353.05,354.7,355,356.05,355.65,617.3,317,4119129,1464987210.95,63346,SWIGGY
2025-03-17,EQ,356,359.3,349.2,353.2,355.05,354.7,354.83,617.3,317,6949570,2465913505.55,72038,SWIGGY
2025-03-13,EQ,353,357.85,343.7,348.8,354,353.2,352.42,617.3,317,4894809,1725027275.15,74118,SWIGGY
2025-03-12,EQ,355.95,360.6,346.45,352.85,348.45,348.8,350.31,617.3,317,7809856,2735837578.35,84057,SWIGGY
2025-03-11,EQ,354,354.75,347.3,359.65,353,352.85,351.97,617.3,317,3699313,1302057591.4,60828,SWIGGY
2025-03-10,EQ,368.8,368.8,354.25,360.95,360,359.65,359.68,617.3,317,6193973,2227831836.05,84528,SWIGGY
2025-03-07,EQ,360,368.75,353.55,362.55,360.1,360.95,361.14,617.3,317,9381165,3387875655.3,123829,SWIGGY
2025-03-06,EQ,360,377.3,359.05,358.5,361.15,362.55,366.38,617.3,317,12135517,4446153265.95,141145,SWIGGY
2025-03-05,EQ,346.35,360,343.5,350.05,358.6,358.5,352.62,617.3,317,10126052,3570667965.85,143508,SWIGGY
2025-03-04,EQ,324,352,322.15,326.3,350.05,350.05,344.31,617.3,317,18340203,6314796344.65,175689,SWIGGY
2025-03-03,EQ,342.25,342.25,317,334.65,326,326.3,325.78,617.3,317,13176398,4292597087.15,122323,SWIGGY
2025-02-28,EQ,340,354.5,331.05,344.45,334.8,334.65,341.53,617.3,325.3,11985216,4093310685.05,140068,SWIGGY
2025-02-27,EQ,360,360,341,355.1,342.9,344.45,348.69,617.3,325.3,6110777,2130794607.15,86592,SWIGGY
2025-02-25,EQ,363.05,364.65,350.4,364.65,355.2,355.1,356.54,617.3,325.3,9161306,3266348453.25,87452,SWIGGY
2025-02-24,EQ,354,368,348.35,360.55,363.05,364.65,359.89,617.3,325.3,12371636,4452382559.95,130548,SWIGGY
2025-02-21,EQ,371.7,374.8,354,373.6,360,360.55,364.8,617.3,325.3,16859588,6150344422.95,170627,SWIGGY
2025-02-20,EQ,370.5,386.75,367.75,377.4,370.8,373.6,377.36,617.3,325.3,15403371,5812590714.8,154625,SWIGGY
2025-02-19,EQ,340,383.5,339.55,347.9,375.65,377.4,369.99,617.3,325.3,27576813,10203014963.7,246832,SWIGGY
2025-02-18,EQ,338.25,349.85,328.4,338.25,347.4,347.9,340.2,617.3,325.3,13628374,4636339146.95,136671,SWIGGY
2025-02-17,EQ,337.5,354.8,333.5,340.75,337.8,338.25,342.77,617.3,325.3,16573200,5680776635.75,188647,SWIGGY
2025-02-14,EQ,364,364,325.3,365.5,341.6,340.75,338.01,617.3,325.3,27954447,9448865375.75,273335,SWIGGY
2025-02-13,EQ,348,369,343.05,341.4,360.4,365.5,359.09,617.3,326.2,22899285,8222967075.2,197420,SWIGGY
2025-02-12,EQ,336.4,352.95,326.2,333.35,341.8,341.4,338.76,617.3,326.2,36471242,12355047397.5,344111,SWIGGY
2025-02-11,EQ,370,370.2,330,362.1,335.05,333.35,344.8,617.3,330,28185478,9718327355.5,284452,SWIGGY
2025-02-10,EQ,378,378.25,359,380.65,361.9,362.1,363.95,617.3,359,31887879,11605662660.25,461489,SWIGGY
2025-02-07,EQ,395,397.25,375,388.7,381.2,380.65,382.06,617.3,375,23290096,8898299188.5,220898,SWIGGY
2025-02-06,EQ,391,410.9,385.25,418.05,391.75,388.7,399.07,617.3,385.25,41230291,16453928552.55,405189,SWIGGY
2025-02-05,EQ,426,430.5,414.3,434.05,418.6,418.05,421.7,617.3,389.05,15784590,6656314549.9,176122,SWIGGY
2025-02-04,EQ,458,458,428.45,458.4,432.5,434.05,437.18,617.3,389.05,10441964,4564992193.15,147365,SWIGGY
2025-02-03,EQ,431,463,421,435.45,456.2,458.4,448.14,617.3,389.05,17169683,7694484001.45,285450,SWIGGY
2025-02-01,EQ,418.5,458.2,407.5,416.1,434.55,435.45,438.09,617.3,389.05,15070283,6602209500.25,196336,SWIGGY
2025-01-31,EQ,410.9,420.45,408.4,404.75,417.4,416.1,414.48,617.3,389.05,5141139,2130918740.5,83887,SWIGGY
2025-01-30,EQ,428,428.5,402.5,428.2,405.8,404.75,413.06,617.3,389.05,10278807,4245805793.35,165919,SWIGGY
2025-01-29,EQ,412,429.95,406.75,410.95,428,428.2,420.51,617.3,389.05,11860436,4987429900.85,153968,SWIGGY
2025-01-28,EQ,414.25,418.55,389.05,410.05,411,410.95,404.26,617.3,389.05,17253887,6975089467.45,258526,SWIGGY
2025-01-27,EQ,442,443.45,405.35,449.05,408.4,410.05,416.08,617.3,391,12806362,5328482920.4,220698,SWIGGY
2025-01-24,EQ,463.2,463.9,441,460.9,446.4,449.05,450.92,617.3,391,12225785,5512812693.45,164337,SWIGGY
2025-01-23,EQ,434.5,465,433.9,433.7,463.5,460.9,453.68,617.3,391,13375717,6068295374.6,157275,SWIGGY
2025-01-22,EQ,441,445.45,413.6,440.45,434.5,433.7,426.82,617.3,391,17727617,7566469938.25,235377,SWIGGY
2025-01-21,EQ,470,471.3,427.05,479.2,440.8,440.45,442.18,617.3,391,19799027,8754674817.3,272246,SWIGGY
2025-01-20,EQ,475.7,483.75,464.45,473.1,475,479.2,476.76,617.3,391,6636117,3163811398.25,126080,SWIGGY
2025-01-17,EQ,483.5,489.5,467.2,483,473.9,473.1,476.44,617.3,391,6245233,2975488315.3,108764,SWIGGY
2025-01-16,EQ,505,514.8,479,487.3,485,483,492.05,617.3,391,10078943,4959322425.5,136737,SWIGGY
2025-01-15,EQ,474,494.4,470.05,464.55,488.1,487.3,484.5,617.3,391,11912348,5771582220.85,156217,SWIGGY
2025-01-14,EQ,465.2,481.45,460.1,463.1,464.9,464.55,472.65,617.3,391,8019502,3790436866.85,105481,SWIGGY
2025-01-13,EQ,481.15,487.9,458.3,492.3,465,463.1,470.18,617.3,391,8311612,3907967719.45,151569,SWIGGY
2025-01-10,EQ,504,505.9,488.55,507.5,492,492.3,494.99,617.3,391,5638811,2791152776.1,102316,SWIGGY
2025-01-09,EQ,505.15,521.4,497.05,490.6,506.7,507.5,507.66,617.3,391,14972600,7600928038.1,182048,SWIGGY
2025-01-08,EQ,514.9,515.2,486.2,509.25,491.75,490.6,493.46,617.3,391,9326257,4602091373.85,147056,SWIGGY
2025-01-07,EQ,538,538,505.15,532.1,509.85,509.25,515.92,617.3,391,12034803,6208952421.65,150886,SWIGGY
2025-01-06,EQ,544.4,546.55,520.2,541.45,540.05,532.1,532.04,617.3,391,7196227,3828659483.15,144147,SWIGGY
2025-01-03,EQ,557,558.85,540,556.45,541,541.45,545.73,617.3,391,6023536,3287232033.2,77400,SWIGGY
2025-01-02,EQ,545.1,558,539.35,542.35,555.9,556.45,549.99,617.3,391,6483910,3566082565.95,92129,SWIGGY
2025-01-01,EQ,544.25,554.4,538.2,540.9,543,542.35,545.8,617.3,391,4500187,2456214268.75,69069,SWIGGY
2024-12-31,EQ,552,561,535.2,550.65,542,540.9,543.48,617.3,391,5400223,2934921074.85,86157,SWIGGY
2024-12-30,EQ,548,568,542,545.95,550,550.65,555.96,617.3,391,7669754,4264078073.05,108749,SWIGGY
2024-12-27,EQ,563,564,541.25,559.05,546.6,545.95,549.06,617.3,391,5812587,3191455699.6,79567,SWIGGY
2024-12-26,EQ,571.9,575.8,555.2,568.1,556.8,559.05,567.11,617.3,391,7705705,4369968305.1,119855,SWIGGY
2024-12-24,EQ,589,594,561.1,583.65,564,568.1,572.05,617.3,391,11010976,6298818248.85,154859,SWIGGY
2024-12-23,EQ,605.3,617.3,578.25,597.45,584.55,583.65,595.25,617.3,391,21999304,13094984430.7,315186,SWIGGY
2024-12-20,EQ,588,608.8,586.4,582.2,595.25,597.45,596.5,613.4,391,20480867,12216845048.4,203769,SWIGGY
2024-12-19,EQ,570,598,568.25,577.35,583.05,582.2,584.83,613.4,391,19658494,11496959038.05,267765,SWIGGY
2024-12-18,EQ,589,605.25,572.1,586.4,576.8,577.35,585.07,613.4,391,20125575,11774772334.5,224849,SWIGGY
2024-12-17,EQ,590,613.4,580.8,596.35,588,586.4,594.75,613.4,391,39259581,23349527625.9,446544,SWIGGY
2024-12-16,EQ,538,612.4,533,532.35,594,596.35,572.64,612.4,391,48167926,27582919807.2,449293,SWIGGY
2024-12-13,EQ,506.2,536.7,504.3,504.3,533,532.35,519.67,576.7,391,15929277,8277997407.35,159383,SWIGGY
2024-12-12,EQ,522,524.85,501,522.55,507.6,504.3,510.24,576.7,391,8538402,4356627954.2,81114,SWIGGY
2024-12-11,EQ,527,530.85,516.5,543.75,519.5,522.55,522.44,576.7,391,14344375,7494048473.05,156798,SWIGGY
2024-12-10,EQ,560,567.9,540,536.85,542,543.75,552.83,576.7,391,11833298,6541747951.2,130558,SWIGGY
2024-12-09,EQ,545.65,547.75,528.6,544.7,540,536.85,535.82,576.7,391,9929104,5320242482.55,101640,SWIGGY
2024-12-06,EQ,540,552.8,530.05,540,544.15,544.7,544,576.7,391,13655139,7428362691,143812,SWIGGY
2024-12-05,EQ,519.7,576.7,511,517.8,539.45,540,549.69,576.7,391,47711029,26226227200.35,481125,SWIGGY
2024-12-04,EQ,510,534.8,509.85,501.85,517.1,517.8,517.82,541.95,391,19112635,9896921410.25,198285,SWIGGY
2024-12-03,EQ,505,541.95,486.05,493.7,491,501.85,512.56,541.95,391,26879359,13777290186.45,272368,SWIGGY
2024-12-02,EQ,472,503.65,464.35,470.75,500.95,493.7,482.49,517,391,10286055,4962938049.2,104309,SWIGGY
2024-11-29,EQ,489.95,493.5,454.6,491.5,470.5,470.75,468.2,517,391,16060894,7519697263.6,174381,SWIGGY
2024-11-28,EQ,507.4,517,481.05,499.05,490.25,491.5,493.1,517,391,14951742,7372734340.8,158349,SWIGGY
2024-11-27,EQ,468,508,465.55,461.9,505,499.05,490.33,508,391,40301929,19761264506.8,426362,SWIGGY
2024-11-26,EQ,443,471,438.9,430.7,469.6,461.9,451.04,489.4,391,15942914,7190924752.3,148241,SWIGGY
2024-11-25,EQ,418.8,441.4,417.2,416.6,428,430.7,430.39,489.4,391,11690777,5031536005.45,152137,SWIGGY
2024-11-22,EQ,414.2,419.75,410,416.85,415,416.6,414.7,489.4,391,3942312,1634882801.2,66640,SWIGGY
2024-11-21,EQ,409,423.7,402,412.45,417,416.85,413.63,489.4,391,11443031,4733125610.9,145692,SWIGGY
2024-11-19,EQ,424,430.9,408.85,420.1,410,412.45,421.41,489.4,391,12463968,5252446805.4,150611,SWIGGY
2024-11-18,EQ,416.1,438.7,410.4,430.7,425.45,420.1,423.38,489.4,391,28579217,12099861607.2,327882,SWIGGY
2024-11-14,EQ,473.15,489.4,418.6,456,421.6,430.7,449.33,489.4,391,56141395,25226093905.1,627490,SWIGGY
2024-11-13,EQ,420,465.8,391,390,464,456,428.87,465.8,391,112960103,48445210912.7,931202,SWIGGY
